{
    "applications": {
		"gecko": {
			"id": "random-bookmark@stevenaleong.com",
			"strict_min_version": "48.0"
		}
	},
    "manifest_version": 2,
    "name": "Random Bookmark",
    "version": "2.0.0",
    "description": "Load up a random bookmark! Features: Create groups of bookmark folders to randomize from, randomize a folder with right click, tab options, and more! Shortcut to change the active bookmark group: Alt+Shift+R. Does not work with Firefox for Android unfortunately, add-ons are not able to access bookmarks on androids.",
    "icons": {
		"48": "icons/icon-48.png",
		"96": "icons/icon-96.png"
	},
    "browser_action": {
		"default_icon": {
			"19": "icons/icon-19.png",
			"38": "icons/icon-38.png"
		},
		"default_title": "Random Bookmark"
    },
    "background": {
		"scripts": ["background.js"]
	},
	"sidebar_action": {
		"default_icon": "icons/icon-96.png",
		"default_title": "Random Bookmark Active Group",
		"default_panel": "sidebar/panel.html"
	},
	"commands": {
		"_execute_sidebar_action": {
			"suggested_key": {
				"default": "Alt+Shift+R"
			}
		}
	},
    "options_ui": {
		"page": "options.html",
		"browser_style": true,
		"open_in_tab": true
	},
	"permissions": [
		"storage", 
		"bookmarks", 
		"tabs", 
		"menus", 
		"unlimitedStorage"
	]
}